Absolutism,absolutism
Administrativ,a(d|b|h)(m|w)i(n|u)i(s|f)(t|f)(r|c)a(t|f)i(v|w)
Akademi,a(k|f)(a|o)(d|b|h)(e|c)(m|w)i(a|o|)
Allmoge,al+(m|w)og(e|c)
Amerikanism,amerikanism
Anakronism,anakronism
Anarkism,anarkism
Annan,a(n|u)+(a|o)(n|u)
Annorlunda,a(n|u)+o(r|c)l(u|n)(n|u)(d|b|h)(a|o)
Antagonism,antagonism
Antisemitism,antisemitism
Arkiv,a(r|c)(k|f)i(v|w)
Artikel,a(r|c)(t|f)i(k|f)(e|c)l
Assosiera,a(s|f)+oci(e|c)(r|c)(a|o)
Ateism,ateism
Autonomi,a(u|n)(t|f)o(n|u)o(m|w)i
Avtal,a(v|w)(t|f)(a|o)l
Barbarism,(b|d)arbarism
Befattningshavare,(b|d)(e|c)f(a|o)(t|f)+ning(s|f)h(a|o)v(a|o)
Begrepp,(b|d)(e|c)g(r|c)(e|c)p+
Bilda,(b|d)il(d|b|h)(a|o)
Bonapartism,(b|d)onapartism
Byråkratism,(b|d)yråkratism
Central,(c|s|f|k)(e|c)(n|u)(t|f)(r|c)(a|o)l
Cesarism,(c|k)esarism
Chauvinism,chauvinism
Dagstidning,(d|b)(a|o)g(s|f)(t|f)i(d|b)(n|u)i(n|u)g
Del,(d|b)(e|c)l
Dela,(d|b)(e|c)l(a|o)
Delstat,(d|b)(e|c)l(s|f)(t|f)(a|o)(t|f)
Demokrati,(d|b)(e|c)(m|w)(a|o)(k|f)(r|c)(a|o)(t|f)i
Demokratism,(d|b)(e|c)mokratism
Despotism,(d|b)(e|c)spotism
Dogmatism,(d|b)ogmatism
Dynastisk,(d|b)(y|h)(n|u)a(s|f)(t|f)i(s|f)(k|f)
Ekonomi,(e|c)(c|k)o(n|u)o(m|w)i
Ekonomisk,(e|c)(c|k)o(n|u)o(m|w)i(s|f)(k|f)
Epok,(e|c)p(o|a)(k|f)
Europa,(e|c)(u|n)(r|c)o+p+(a|o)
Europeisk,(e|c)u(r|c)(o|a)p(e|c)i(s|f)(k|f)
Fanatism,fanatism
Fatalism,fatalism
Federalism,federalism
Fennicism,fennicism
Finland,fi(n|u)l(a|o)(n|u)(d|b|h|t)
Finlandism,fi(n|u)l(a|o)(n|u)(d|b|h|t)ism
Finländare,fi(n|u)l(ä|a)(n|u)(d|b|h|t)(a|ä)(r|c)(e|c)
Finländsk,fi(n|u)l(ä|a)(n|u)(d|b|h|t)(s|f)(k|f)
Finne,fi(nn+|uu+)(e|c)
Finsk,fi(n|u)(s|f)(k|f)
Finska,fi(n|u)(s|f)(k|f)(a|o)
Folk,fol(k|f)
Folkrepresentation,fol(k|f)(r|c)(e|c)p(r|c)(e|c)(s|f)(e|c)(n|u)(t|f)a(t|f)io(n|u)
Form,fo(r|c)(m|w)
Formalism,fo(r|c)(m|w)alism
Fred,f(r|c)(e|c)(d|b|h)
Furstendöme,fu(r|c)(s|f)(t|f)(e|c)n(d|b|h)(ö|o)(m|w)(e|c)
Förbi,f(ö|o)(r|c)(b|d|h)i
Fördrag,f(o|ö)(r|c)(d|b|h)(r|c)(a|o)g
Förena,f(ö|o)(r|c)(e|c)(n|u)(a|o)
Föreställning,f(ö|o)(r|c)(e|c)(s|f)(t|f)(ä|a|ö|o)l+(n|u)i(n|u)g
Författning,f(ö|o)(r|c)f(a|o)(t|f)+(n|u)i(n|u)g
Förhandla,f(ö|o)(r|c)h(a|o)(n|u)(d|b|h)l(a|o)
Förra,f(ö|o)(r|c)+(a|o)
Försvara,f(ö|o)(r|c)(s|f)(v|w)(a|o)(r|c)(a|o)
Förvaltningssystem,f(ö|o)(r|c)(v|w)(a|o)l(t|f)(n|u)i(n|u)g(s|f)+(y|h)(s|f)(t|f)(e|c)(m|w)
Förändring,f(ö|o|ä|a)(r|c)(ä|a|ö|o)(n|u)(d|b|h)(r|c)i(n|u)g
Gemensam,g(e|c)(m|w)(e|c)(n|u)(s|f)(a|o)(m|w)
General,g(e|c)(n|u)(e|c)(r|c)(a|o)l
Gensaga,g(e|c)(n|u)(s|f)(a|o)g(a|o)
Geografisk,g(e|c)og(r|c)(a|o)fi(s|f)(k|f)
Gestalt,g(e|c)(s|f)(t|f)(a|o)l(t|f)
Grundlag,g(r|c)(u|n)(n|u)(d|b|h)l(a|o)g
Gräns,g(r|c)(e|ä|ä)(n|u)(z|s|f)
Gränslandet,g(r|c)(e|ä|ä)(n|u)(z|s|f)l(a|o)(n|u)(d|b|h)(e|c)(t|f)
Gränslinje,g(r|c)(e|ä|ä)(n|u)(z|s|f)li(n|u)j(e|c)
Gudasaga,g(u|n)(d|b|h)(a|o)(s|f)(a|o)g(a|o)
Hertig,h(e|c)(r|c)(t|f)ig
Hertigdöme,h(e|c)(r|c)(t|f)ig(d|b|h)(ö|o)(m|w)(e|c)
Historiograf,hi(s|f)(t|f)o(r|c)iog(r|c)(a|o)f
Historia,hi(s|f)(t|f)(o|a)(r|c)i(a|o)
Historie-,hi(s|f)(t|f)(o|a)(r|c)i(e|c)
Historieskrivning,hi(s|f)(t|f)o(r|c)i(e|c)(s|f)(k|f)(r|c)i(v|w)(n|u)i(n|u)g
Historiker,hi(f|s)(t|f)o(r|c)i(k|f)(e|c)(r|c)
Historisk,hi(s|f)(t|f)(o|a)(r|c)i(s|f)(k|f)
Human,h(u|n)(m|w)(a|o)(n|u)
Humanism,h(u|n)(m|w)(a|o)(n|u)ism
Huvud,h(u|n)(f|)(v|w)(u|n)(d|b|h)
Härskare,h(ä|a)(r|c)(s|f)(k|f)a(r|c)(e|c)
Hävdateckning,h(ä|ö|a|o)(v|w)(d|b|h)(a|o)(t|f)(e|c)c(k|f)ning
Idea,(l|i)(d|b|h)(e|c)a
Idealism,(l|i)(d|b|h)(e|c)alism
Ifrågasatta,(l|i)f(r|c)(å|a|ä|o|ö)g(a|o)(s|f)(a|o)(t|f)+(a|o)
Imperialism,imperialism
Imperium,(i|j)(m|w)p(e|c)(r|c)i(u|n)(m|w)
Indifferentism,indifferentism
Individualism,individualism
Inre,(l|i)(n|u)(r|c)(e|c)
Inrikes,(l|i)(n|u)(r|c)i(k|f)(e|c)(s|f)
Integritet,(i|j)(n|u)(t|f)(e|c)g(r|c)i(t|f)(e|c)(t|f)
Intellectual,(l|i)(n|u)(t|f)(e|c)l+(e|c)(c|r)(t|f)(u|n)(a|o)l
Intern,(s|f)(w|v)(e|c)(n|u)(s|f)(k|f)
Intresse,(i|j)(n|u)(t|f)(r|c)(e|c)(s|f)+(e|c)
Invånare,(i|j)(n|u)(v|w)(a|ä|å|o|ö)(n|u)(a|o)(r|c)(e|c)
Invändning,(l|i)(n|u)(v|w)(ä|ö|a|o)(n|u)(d|b|h)(n|u)i(n|u)g
Jämförelse,(j|i)(ä|a|ö|o)(m|w)f(ö|o)(r|c)(e|c)l(s|f)(e|c)
Jämlikhet,(j|i)(a|ä)(m|w)li(k|f)h(e|c)(t|f)
Karelare,(k|c)(a|o)(r|c)(e|c)l(a|o)(r|c)(e|c)
Karelen,(k|c)(a|o)(r|c)(e|c)l(e|c)(n|u)
Karelsk,(k|c)(a|o)(r|c)(e|c)l(s|f)(k|f)
Karta,(k|c|ch)a(r|c)(t|f)a
Katolicism,katolicism
Kejsardöme,(k|h)(e|c)(i|j)(s|f)(a|o)(r|c)(d|b|h)(o|ö)(m|w)(e|c)
Kejsare,k(e|c)(j|i)(s|f)(a|o)(r|c)(e|c)
Kejserling,k(e|c)(j|i|ij)(s|f)(e|c)(r|c)li(n|u)g
Klerikalism,klerikalism
Knutpatriotism,knutpatriotism
Kombinera,ko(m|w)(b|d|h)i(n|u)(e|c)(r|c)(a|o)
Kommunism,kommunism
Koncept,(k|f)(o|a)(n|u)(c|e|s|f)(e|c)p(t|f)
Konservatism,(k|f)(o|a)(n|u)servatism
Konstitution,(k|f)(o|a)(n|u)(s|f)i(t|f)(u|n)(t|f)io(n|u)
Konstitutionalism,(k|f)(o|a)(n|u)stitutionalism
Kontroversiell,(k|f)(o|a)(n|u)(t|f)(r|c)o(v|w)(e|c)(r|c)(s|f)i(e|c)l+
Kosmopolitism,(k|f)(o|a)smopolitism
Krig,k(r|c)ig
Kultur,kul(t|f)u(r|c)
Kung,k(u|n)(n|u)g
Kynne,k(y|h)(n|u)+(e|c)
Lag,l(a|o)g
Land,l(a|o)(n|u)(d|b|h)
Landområde,l(a|o)(n|u)(d|b|h)(å|a|o|)(m|w)(r|c)(o|a|å|ä)(d|b|h)(e|c)
Lantdag,l(a|o)(n|u)(d|b|h)?(t|f)(d|b|h)(a|o)g
Liberal,li(b|d|h)(e|c)(r|c)(a|o)l
Liberalism,li(b|d|h)(e|c)(r|c)(a|o)lism
Lokal,lo(k|f)(a|o)l
Lokalpatriotism,lo(k|f)(a|o)lpatriotism
Makt,(m|w)(a|o)(k|f)(t|f)
Marskalk,(m|w)(a|o)(r|c)(s|f)(k|f)(a|o)l(k|f)
Materialism,(m|w)aterialism
Medborgare,(m|w)(e|c)(d|b|h)(b|d|h)(o|a)(r|c)g(a|o)(r|c)(e|c)
Medeltid,(m|w)(e|c)(d|b|h)(e|c)l(t|f)i(d|b|h)
Medlem,(m|w)(e|c)(d|b|h)l(e|c)(m|w)
Militarism,(m|w)ilitarism
Mobilisering,(m|w)(o|a)(b|d|h)ili(s|f)(e|c)(r|c)i(n|u)g
Modern,(m|w)(o|a)(d|b|h)(e|c)(r|c)(n|u)
Monark,(m|w)(o|a)(n|u)(a|o)(r|c)(k|f)
Mynt,(m|w)(y|h)(n|u)(t|f)
Myt,(m|w)(y|h)(t|f)
Napoleon,n(a|o)p(o|a)l(e|c)o(n|u)
Nation,n(a|o)(t|f)i(o|a)(n|u)
Naturalism,n(a|o)(t|f)(u|n)(r|c)alism
Nature,n(a|o)(t|f)(u|n)(r|c)(e|c)
Nepotism,nepotism
Nihilism,nihilism
Nordiska,no(r|c)(d|b|h)i(s|f)(k|f)(a|o)
Nutida,n(u|n)(t|f)i(d|b|h)(a|o)
Nyhetstidning,n(y|h)h(e|c)(t|f)(s|f)(t|f)i(d|b)(n|u)i(n|u)g
Offentlig,of+(e|c)(n|u)(t|f)lig
Officiell,of+ici(e|c)l+
Olik,oli(k|f)
Område,(å|a|o)(m|w)(r|c)(o|a|å|ä)(d|b|h)(e|c)
Omtvistad,o(m|w)(t|f)(v|w)i(s|f)(t|f)(a|o)(d|b|h)
Orts-,o(r|c)(t|f)(s|f)
Panslavism,p(a|o)nslavism
Paragraf,p(a|o)(r|c)(a|o)g(r|c)(a|o)f
Parlament,p(a|o)(r|c)l(a|e|ie|o)(m|w)(e|c)(n|u)(t|f)
Parlamentarianism,p(a|o)(r|c)l(a|e|ie|o)mentar(ian)?ism
Parlamentarisk regering,"p(a|o)(r|c)l(a|e|ie|o)(m|w)(e|c)(n|u)(t|f)(a|o)riska? [^.]{1,20}(r|c)(e|c)g(e|c)(r|c)i(n|u)g"
Partifanatism,p(a|o)(r|c)t(y|i|ie)fanatism
Partikularism,p(a|o)(r|c)tikularism
Patriotism,p(a|o)t(r|c)iotism
Pengar,p(f|)(e|c)(n+|u+)g(a|o)(r|f)
Penning,p(f|)(e|c)(n+|u+)i(n|u)g
Period,p(e|c)(r|c)i(o|a)(d|b|h)
Pest,p(e|c)(s|f)(t|f)
Sankt Petersburg,p(e|c)(t|f)(e|c)(r|c)(s|f)(b|d|h)(u|n)(r|c)g
Pietism,pietism
Polism,polism
Politik,poli(t|f)i(k|f)
Positivism,positivism
Princip,p(r|c)i(n|u)(c|r)ip
Protektionism,p(r|c)o(t|f)(e|c)ktionism
Protest,p(r|c)o(t|f)(e|c)(s|f)(t|f)
Provins,p(r|c)o(v|w)i(n|u)(s|f)
Publicera,pu(b|d|h)lic(e|c)(r|c)(a|o)
Radikalism,(r|c)(a|o)dik(a|o)lism
Rationalism,(r|c)(a|o)tion(a|o)lism
Realism,(r|c)(e|c)(a|o)lism
Regel,(r|c)(e|c)g(e|c)l
Regent,(r|c)(e|c)g(e|c)(n|u)(t|f)
Regering,(r|c)(e|c)g(e|c)(r|c)i(n|u)g
Regeringsform,(r|c)(e|c)g(e|c)(r|c)i(n|u)g(s|f)fo(r|c)(m|w)
Region,(r|c)(e|c)gi(o|a)(n|u)
Representation,(r|c)(e|c)p(r|c)(e|c)(s|f)(e|c)(n|u)(t|f)a(t|f)io(n|u)
Republikanism,(r|c)(e|c)publikanism
Res Publica,(r|c)(e|c)(s|f) ?pu(b|d|h|p)li(c|k|f)(a|o)
Retorik,(r|c)(e|c)(t|f)(o|a)(r|c)i(k|f)
Retorisk,(r|c)(e|c)(t|f)(o|a)(r|c)i(s|f)(k|f)
Rike,(r|c)i(k|f)(e|c)
Riksdag,(r|c)i(k|f)(s|f)(d|b|h)(a|o)g
Risk,(r|c)i(s|f)(k|f)
Ryska,(r|c)(y|h)(s|f)+(k|f)(a|o)
Ryss,(r|c)(y|h)(s|f)+
Ryssland,(r|c)(y|h)(s|f)+la(n|u)(d|b|h)
Rå," r(a|å) "
Rå och rör,"r(a|å) (o|ö)(r|c)h (r|c)(o|ö)+(r|c)"
Rätt-,(r|c)(ä|a)(t|f)+
Rättighet,(r|c)(ä|a)(t+|f)igh(e|c)(t|f)
Samarbete,(s|f)(a|o)(m|w)(a|o)(r|c)(b|d|h)(e|c)(t|f)(e|c)
Samband,(s|f)(a|o)(m|w)(b|d|h)(a|o)(n|u)(d|b|h)
Samfund,(s|f)(a|o)(m|w)f(u|n)(d|b|h)
Samhällelig,(s|f)a(m|w)h(a|ä)l+(e|c)lig
Samhället,(s|f)a(m|w)h(a|ä)l+(e|c)(t|f)
Samhällsform,(s|f)a(m|w)h(ä|a)l+(s|f)fo(r|c)(m|w)
Sankt Petersburg,(s|f)(a|o|)(n|u|)(k|f|)(t|f)( |\-)?p(e|c)(t|f)(e|c)(r|c)(s|f)?(b|d|h)(u|n)(r|c)g
Schism,(s|f)(ch|k)ism
Sekterism,(s|f)ekterism
Senat,(s|f)(e|c)(n|u)(a|o)(t|f)
Separatismen,(s|f)(e|c)paratism
Servilism,(s|f)ervilism
Självstyrelse,(s|f)(j|i)(ä|a)l(v|w)(s|f)(t|f)(y|h)(r|c)(e|c)l(s|f)(e|c)
Skandinavien,(s|f)(k|f)(a|o)(n|u)(d|b|h)i(n|u)(a|o)vi(e|c)(n|u)
Skandinavism,(s|f)(k|c)andinavism
Skapa,(s|f)(k|f)(a|o)p(a|o)
Skede,(s|f)(k|f)(e|c)(d|b|h)(e|c)
Skepticism,(s|f)kepticism
Skilja,(s|f)(k|f)ilj(a|o)
Slant,(s|f)l(a|o)(n|u)(t|f)
Social,(s|f)o(c|e)i(a|o)l
Socialism,(s|f)o(c|e)i(a|o)lism
Språk,(s|f)p(r|c)(å|ä|ö|o|a)(k|f)
Språkdualism,(s|f)p(r|c)(å|ä|ö|o|a)(k|f)dualism
Språkfanatism,(s|f)p(r|c)(å|ä|ö|o|a)(k|f)fanatism
Stat,(s|f)(t|f)(a|o)(t|f)
Statsform,(s|f)(t|f)(a|o)(t|f)(s|f)fo(r|c)(m|w)
Statsorganism,(s|f)(t|f)(a|o)(t|f)(s|f)organism
Statsskick,(s|f)(t|f)(a|o)(t|f)(s|f)+(k|f)ic(k|f)
Status,(s|f)(t|f)(a|o)(t|f)(u|n)(s|f)
Storfurstendöme,(s|f)(t|f)o(r|c)fu(r|c)(s|f)(t|f)(e|c)n(d|b|h)(ö|o)(m|w)+(e|c)
Styre,(s|f)(t|f)(y|h)(r|c)(e|c)
Styresman,(s|f)(t|f)(y|h)(r|c)(e|c)(s|f)(m|w)(a|o)(n|u)
Stånd,(s|f)(t|f)(a|å|ä|ö)(n|u)(d|b|h)
Ställning,(s|f)(t|f)(ä|ö|a|o)l+(n|u)i(n|u)g
Stödja,(s|f)(t|f)(o|ö)(d|b|h)j(a|o)
Stötta,(s|f)(t|f)(o|ö)(t|f)+(a|o)
Suverän,(s|f)u(v|w)(e|c)(r|c)(a|ä)(n|u)
Suveränitet,(s|f)(u|n)(v|w)(e|c)(r|c)(ä|a|ö|o)(n|u)i(t|f)(e|c)(t|f)
Svenska,(s|f)(v|w)(e|c)(n|u)(s|f)(k|f)(a|o)
Sverige,(s|f)(v|w)(e|c)(r|c)ig(e|c)
Swensk,(s|f)(w|v)(e|c)(n|u)(s|f)(k|f)
System,(s|f)(y|h)(s|f)(t|f)(e|c)(m|w)
Talet,(t|f)(a|o)l(e|c)(t|f)
Territorium,(t|f)(e|c)(r|c)+i(t|f)o(r|c)i(u|n)(m|w)
Terrorism,(t|f)(e|c)rrorism
Tidig,(t|f)i(d|b|h)ig
Tidigare,(t|f)i(d|b|h)ig(a|o)(r|c)(e|c)
Tidstrogen,(t|f)i(d|b|h)(s|f)(t|f)(r|c)og(e|c)(n|u)
Tjänsteman,(t|f)j(ä|a|ö|o)(n|u)(s|f)(t|f)(e|c)(m|w)(a|o)(n|u)
Trakt,(t|f)(r|c)(a|o)(k|f)(t|f)
Tsar,(t|f)(s|f)(a|o)(r|c)
Tvistig,(t|f)(v|w)i(s|f)(t|f)ig
Underståte,(u|n)(n|u)(d|b|h)(e|c)(r|c)(s|f)(t|f)(o|a|å|ä|ö)(t|f)(e|c)
Utforma,(u|n)(t|f)f(o|a)(r|c)(m|w)
Utilitarism,(u|n)tilitarism
Utvecklad,(u|n)(t|f)(v|w)(e|c)(c|e)(k|f)l(a|o)(d|b|h)
Utverka,(u|n)(t|f)(v|w)(e|c)(r|c)(k|f)(a|o)
Vandalism,(v|w)andalism
Vaxlä,(v|w)(a|ä|o|ö)xl(a|o)
Vetenskap,(v|w)(e|c)(t|f)(e|c)(n|u)(s|f)(k|f)(a|o)p
Välde,(w|v)(ä|a)l(d|b)(e|c)
Århundrade,(å|a|ä|ö)(r|c)h(u|n)(u|n)(d|b|h)(r|c)(a|o)(d|b|h)(e|c)
Åsikt,(å|a|o|ö)(s|f)i(k|f)(t|f)
Ämbetsman,(ä|a)(m|w)(b|d|h)(e|c)(t|f)(s|f)(m|w)(a|o)(n|u)
Överenskommelse,(ö|o)v(e|c)r(e|c)(n|u)(s|f)(k|f)om+(e|c)l(s|f)(e|c)
Överlåta,(ö|o)(v|w)(e|c)(r|c)l(å|a|ä|ö|o)(t|f)(a|o)
